<load path="./nqueens/encodings/nqueens.asp"/>
<load path="./nqueens/shots/shot.1" permanently="true"/>
<ground run_mode="store" store_path="nqueens/nqueens_ground/"/>
<load path="./nqueens/shots/shot.2" permanently="true"/>
<ground run_mode="store" store_path="nqueens/nqueens_ground/"/>
<load path="./nqueens/shots/shot.3" permanently="true"/>
<ground run_mode="store" store_path="nqueens/nqueens_ground/"/>
<load path="./nqueens/shots/shot.4" permanently="true"/>
<ground run_mode="store" store_path="nqueens/nqueens_ground/"/>
<load path="./nqueens/shots/shot.5" permanently="true"/>
<ground run_mode="store" store_path="nqueens/nqueens_ground/"/>
<load path="./nqueens/shots/shot.6" permanently="true"/>
<ground run_mode="store" store_path="nqueens/nqueens_ground/"/>
<load path="./nqueens/shots/shot.7" permanently="true"/>
<ground run_mode="store" store_path="nqueens/nqueens_ground/"/>
<load path="./nqueens/shots/shot.8" permanently="true"/>
<ground run_mode="store" store_path="nqueens/nqueens_ground/"/>
<load path="./nqueens/shots/shot.9" permanently="true"/>
<ground run_mode="store" store_path="nqueens/nqueens_ground/"/>
<load path="./nqueens/shots/shot.10" permanently="true"/>
<ground run_mode="store" store_path="nqueens/nqueens_ground/"/>
<load path="./nqueens/shots/shot.11" permanently="true"/>
<ground run_mode="store" store_path="nqueens/nqueens_ground/"/>
<load path="./nqueens/shots/shot.12" permanently="true"/>
<ground run_mode="store" store_path="nqueens/nqueens_ground/"/>
<load path="./nqueens/shots/shot.13" permanently="true"/>
<ground run_mode="store" store_path="nqueens/nqueens_ground/"/>
<load path="./nqueens/shots/shot.14" permanently="true"/>
<ground run_mode="store" store_path="nqueens/nqueens_ground/"/>
<load path="./nqueens/shots/shot.15" permanently="true"/>
<ground run_mode="store" store_path="nqueens/nqueens_ground/"/>
<load path="./nqueens/shots/shot.16" permanently="true"/>
<ground run_mode="store" store_path="nqueens/nqueens_ground/"/>
<load path="./nqueens/shots/shot.17" permanently="true"/>
<ground run_mode="store" store_path="nqueens/nqueens_ground/"/>
<load path="./nqueens/shots/shot.18" permanently="true"/>
<ground run_mode="store" store_path="nqueens/nqueens_ground/"/>
<load path="./nqueens/shots/shot.19" permanently="true"/>
<ground run_mode="store" store_path="nqueens/nqueens_ground/"/>
<load path="./nqueens/shots/shot.20" permanently="true"/>
<ground run_mode="store" store_path="nqueens/nqueens_ground/"/>
<load path="./nqueens/shots/shot.21" permanently="true"/>
<ground run_mode="store" store_path="nqueens/nqueens_ground/"/>
<load path="./nqueens/shots/shot.22" permanently="true"/>
<ground run_mode="store" store_path="nqueens/nqueens_ground/"/>
<load path="./nqueens/shots/shot.23" permanently="true"/>
<ground run_mode="store" store_path="nqueens/nqueens_ground/"/>
<load path="./nqueens/shots/shot.24" permanently="true"/>
<ground run_mode="store" store_path="nqueens/nqueens_ground/"/>
<load path="./nqueens/shots/shot.25" permanently="true"/>
<ground run_mode="store" store_path="nqueens/nqueens_ground/"/>
<load path="./nqueens/shots/shot.26" permanently="true"/>
<ground run_mode="store" store_path="nqueens/nqueens_ground/"/>
<load path="./nqueens/shots/shot.27" permanently="true"/>
<ground run_mode="store" store_path="nqueens/nqueens_ground/"/>
<load path="./nqueens/shots/shot.28" permanently="true"/>
<ground run_mode="store" store_path="nqueens/nqueens_ground/"/>
<load path="./nqueens/shots/shot.29" permanently="true"/>
<ground run_mode="store" store_path="nqueens/nqueens_ground/"/>
<load path="./nqueens/shots/shot.30" permanently="true"/>
<ground run_mode="store" store_path="nqueens/nqueens_ground/"/>
<load path="./nqueens/shots/shot.31" permanently="true"/>
<ground run_mode="store" store_path="nqueens/nqueens_ground/"/>
<load path="./nqueens/shots/shot.32" permanently="true"/>
<ground run_mode="store" store_path="nqueens/nqueens_ground/"/>
<load path="./nqueens/shots/shot.33" permanently="true"/>
<ground run_mode="store" store_path="nqueens/nqueens_ground/"/>
<load path="./nqueens/shots/shot.34" permanently="true"/>
<ground run_mode="store" store_path="nqueens/nqueens_ground/"/>
<load path="./nqueens/shots/shot.35" permanently="true"/>
<ground run_mode="store" store_path="nqueens/nqueens_ground/"/>
<load path="./nqueens/shots/shot.36" permanently="true"/>
<ground run_mode="store" store_path="nqueens/nqueens_ground/"/>
<reset/>
<exit/>
