<load path="./pacman/encodings/pacman.asp"/>
<load path="./pacman/shots/shot.0" permanently="true"/>
<ground run_mode="store" store_path="./pacman/pacman_ground/"/>
<load path="./pacman/shots/shot.1" permanently="true"/>
<ground run_mode="store" store_path="./pacman/pacman_ground/"/>
<load path="./pacman/shots/shot.2" permanently="true"/>
<ground run_mode="store" store_path="./pacman/pacman_ground/"/>
<load path="./pacman/shots/shot.3" permanently="true"/>
<ground run_mode="store" store_path="./pacman/pacman_ground/"/>
<load path="./pacman/shots/shot.4" permanently="true"/>
<ground run_mode="store" store_path="./pacman/pacman_ground/"/>
<load path="./pacman/shots/shot.5" permanently="true"/>
<ground run_mode="store" store_path="./pacman/pacman_ground/"/>
<load path="./pacman/shots/shot.6" permanently="true"/>
<ground run_mode="store" store_path="./pacman/pacman_ground/"/>
<load path="./pacman/shots/shot.7" permanently="true"/>
<ground run_mode="store" store_path="./pacman/pacman_ground/"/>
<load path="./pacman/shots/shot.8" permanently="true"/>
<ground run_mode="store" store_path="./pacman/pacman_ground/"/>
<load path="./pacman/shots/shot.9" permanently="true"/>
<ground run_mode="store" store_path="./pacman/pacman_ground/"/>
<load path="./pacman/shots/shot.10" permanently="true"/>
<ground run_mode="store" store_path="./pacman/pacman_ground/"/>
<load path="./pacman/shots/shot.11" permanently="true"/>
<ground run_mode="store" store_path="./pacman/pacman_ground/"/>
<load path="./pacman/shots/shot.12" permanently="true"/>
<ground run_mode="store" store_path="./pacman/pacman_ground/"/>
<load path="./pacman/shots/shot.13" permanently="true"/>
<ground run_mode="store" store_path="./pacman/pacman_ground/"/>
<load path="./pacman/shots/shot.14" permanently="true"/>
<ground run_mode="store" store_path="./pacman/pacman_ground/"/>
<load path="./pacman/shots/shot.15" permanently="true"/>
<ground run_mode="store" store_path="./pacman/pacman_ground/"/>
<load path="./pacman/shots/shot.16" permanently="true"/>
<ground run_mode="store" store_path="./pacman/pacman_ground/"/>
<load path="./pacman/shots/shot.17" permanently="true"/>
<ground run_mode="store" store_path="./pacman/pacman_ground/"/>
<load path="./pacman/shots/shot.18" permanently="true"/>
<ground run_mode="store" store_path="./pacman/pacman_ground/"/>
<load path="./pacman/shots/shot.19" permanently="true"/>
<ground run_mode="store" store_path="./pacman/pacman_ground/"/>
<load path="./pacman/shots/shot.20" permanently="true"/>
<ground run_mode="store" store_path="./pacman/pacman_ground/"/>
<load path="./pacman/shots/shot.21" permanently="true"/>
<ground run_mode="store" store_path="./pacman/pacman_ground/"/>
<load path="./pacman/shots/shot.22" permanently="true"/>
<ground run_mode="store" store_path="./pacman/pacman_ground/"/>
<load path="./pacman/shots/shot.23" permanently="true"/>
<ground run_mode="store" store_path="./pacman/pacman_ground/"/>
<load path="./pacman/shots/shot.24" permanently="true"/>
<ground run_mode="store" store_path="./pacman/pacman_ground/"/>
<load path="./pacman/shots/shot.25" permanently="true"/>
<ground run_mode="store" store_path="./pacman/pacman_ground/"/>
<load path="./pacman/shots/shot.26" permanently="true"/>
<ground run_mode="store" store_path="./pacman/pacman_ground/"/>
<load path="./pacman/shots/shot.27" permanently="true"/>
<ground run_mode="store" store_path="./pacman/pacman_ground/"/>
<load path="./pacman/shots/shot.28" permanently="true"/>
<ground run_mode="store" store_path="./pacman/pacman_ground/"/>
<load path="./pacman/shots/shot.29" permanently="true"/>
<ground run_mode="store" store_path="./pacman/pacman_ground/"/>
<load path="./pacman/shots/shot.30" permanently="true"/>
<ground run_mode="store" store_path="./pacman/pacman_ground/"/>
<load path="./pacman/shots/shot.31" permanently="true"/>
<ground run_mode="store" store_path="./pacman/pacman_ground/"/>
<load path="./pacman/shots/shot.32" permanently="true"/>
<ground run_mode="store" store_path="./pacman/pacman_ground/"/>
<load path="./pacman/shots/shot.33" permanently="true"/>
<ground run_mode="store" store_path="./pacman/pacman_ground/"/>
<load path="./pacman/shots/shot.34" permanently="true"/>
<ground run_mode="store" store_path="./pacman/pacman_ground/"/>
<load path="./pacman/shots/shot.35" permanently="true"/>
<ground run_mode="store" store_path="./pacman/pacman_ground/"/>
<load path="./pacman/shots/shot.36" permanently="true"/>
<ground run_mode="store" store_path="./pacman/pacman_ground/"/>
<load path="./pacman/shots/shot.37" permanently="true"/>
<ground run_mode="store" store_path="./pacman/pacman_ground/"/>
<load path="./pacman/shots/shot.38" permanently="true"/>
<ground run_mode="store" store_path="./pacman/pacman_ground/"/>
<load path="./pacman/shots/shot.39" permanently="true"/>
<ground run_mode="store" store_path="./pacman/pacman_ground/"/>
<load path="./pacman/shots/shot.40" permanently="true"/>
<ground run_mode="store" store_path="./pacman/pacman_ground/"/>
<load path="./pacman/shots/shot.41" permanently="true"/>
<ground run_mode="store" store_path="./pacman/pacman_ground/"/>
<load path="./pacman/shots/shot.42" permanently="true"/>
<ground run_mode="store" store_path="./pacman/pacman_ground/"/>
<load path="./pacman/shots/shot.43" permanently="true"/>
<ground run_mode="store" store_path="./pacman/pacman_ground/"/>
<load path="./pacman/shots/shot.44" permanently="true"/>
<ground run_mode="store" store_path="./pacman/pacman_ground/"/>
<load path="./pacman/shots/shot.45" permanently="true"/>
<ground run_mode="store" store_path="./pacman/pacman_ground/"/>
<load path="./pacman/shots/shot.46" permanently="true"/>
<ground run_mode="store" store_path="./pacman/pacman_ground/"/>
<load path="./pacman/shots/shot.47" permanently="true"/>
<ground run_mode="store" store_path="./pacman/pacman_ground/"/>
<load path="./pacman/shots/shot.48" permanently="true"/>
<ground run_mode="store" store_path="./pacman/pacman_ground/"/>
<load path="./pacman/shots/shot.49" permanently="true"/>
<ground run_mode="store" store_path="./pacman/pacman_ground/"/>
<load path="./pacman/shots/shot.50" permanently="true"/>
<ground run_mode="store" store_path="./pacman/pacman_ground/"/>
<load path="./pacman/shots/shot.51" permanently="true"/>
<ground run_mode="store" store_path="./pacman/pacman_ground/"/>
<load path="./pacman/shots/shot.52" permanently="true"/>
<ground run_mode="store" store_path="./pacman/pacman_ground/"/>
<load path="./pacman/shots/shot.53" permanently="true"/>
<ground run_mode="store" store_path="./pacman/pacman_ground/"/>
<load path="./pacman/shots/shot.54" permanently="true"/>
<ground run_mode="store" store_path="./pacman/pacman_ground/"/>
<load path="./pacman/shots/shot.55" permanently="true"/>
<ground run_mode="store" store_path="./pacman/pacman_ground/"/>
<load path="./pacman/shots/shot.56" permanently="true"/>
<ground run_mode="store" store_path="./pacman/pacman_ground/"/>
<load path="./pacman/shots/shot.57" permanently="true"/>
<ground run_mode="store" store_path="./pacman/pacman_ground/"/>
<load path="./pacman/shots/shot.58" permanently="true"/>
<ground run_mode="store" store_path="./pacman/pacman_ground/"/>
<load path="./pacman/shots/shot.59" permanently="true"/>
<ground run_mode="store" store_path="./pacman/pacman_ground/"/>
<load path="./pacman/shots/shot.60" permanently="true"/>
<ground run_mode="store" store_path="./pacman/pacman_ground/"/>
<load path="./pacman/shots/shot.61" permanently="true"/>
<ground run_mode="store" store_path="./pacman/pacman_ground/"/>
<load path="./pacman/shots/shot.62" permanently="true"/>
<ground run_mode="store" store_path="./pacman/pacman_ground/"/>
<load path="./pacman/shots/shot.63" permanently="true"/>
<ground run_mode="store" store_path="./pacman/pacman_ground/"/>
<load path="./pacman/shots/shot.64" permanently="true"/>
<ground run_mode="store" store_path="./pacman/pacman_ground/"/>
<load path="./pacman/shots/shot.65" permanently="true"/>
<ground run_mode="store" store_path="./pacman/pacman_ground/"/>
<load path="./pacman/shots/shot.66" permanently="true"/>
<ground run_mode="store" store_path="./pacman/pacman_ground/"/>
<load path="./pacman/shots/shot.67" permanently="true"/>
<ground run_mode="store" store_path="./pacman/pacman_ground/"/>
<load path="./pacman/shots/shot.68" permanently="true"/>
<ground run_mode="store" store_path="./pacman/pacman_ground/"/>
<load path="./pacman/shots/shot.69" permanently="true"/>
<ground run_mode="store" store_path="./pacman/pacman_ground/"/>
<load path="./pacman/shots/shot.70" permanently="true"/>
<ground run_mode="store" store_path="./pacman/pacman_ground/"/>
<load path="./pacman/shots/shot.71" permanently="true"/>
<ground run_mode="store" store_path="./pacman/pacman_ground/"/>
<load path="./pacman/shots/shot.72" permanently="true"/>
<ground run_mode="store" store_path="./pacman/pacman_ground/"/>
<load path="./pacman/shots/shot.73" permanently="true"/>
<ground run_mode="store" store_path="./pacman/pacman_ground/"/>
<load path="./pacman/shots/shot.74" permanently="true"/>
<ground run_mode="store" store_path="./pacman/pacman_ground/"/>
<load path="./pacman/shots/shot.75" permanently="true"/>
<ground run_mode="store" store_path="./pacman/pacman_ground/"/>
<load path="./pacman/shots/shot.76" permanently="true"/>
<ground run_mode="store" store_path="./pacman/pacman_ground/"/>
<load path="./pacman/shots/shot.77" permanently="true"/>
<ground run_mode="store" store_path="./pacman/pacman_ground/"/>
<load path="./pacman/shots/shot.78" permanently="true"/>
<ground run_mode="store" store_path="./pacman/pacman_ground/"/>
<load path="./pacman/shots/shot.79" permanently="true"/>
<ground run_mode="store" store_path="./pacman/pacman_ground/"/>
<load path="./pacman/shots/shot.80" permanently="true"/>
<ground run_mode="store" store_path="./pacman/pacman_ground/"/>
<load path="./pacman/shots/shot.81" permanently="true"/>
<ground run_mode="store" store_path="./pacman/pacman_ground/"/>
<load path="./pacman/shots/shot.82" permanently="true"/>
<ground run_mode="store" store_path="./pacman/pacman_ground/"/>
<load path="./pacman/shots/shot.83" permanently="true"/>
<ground run_mode="store" store_path="./pacman/pacman_ground/"/>
<load path="./pacman/shots/shot.84" permanently="true"/>
<ground run_mode="store" store_path="./pacman/pacman_ground/"/>
<load path="./pacman/shots/shot.85" permanently="true"/>
<ground run_mode="store" store_path="./pacman/pacman_ground/"/>
<load path="./pacman/shots/shot.86" permanently="true"/>
<ground run_mode="store" store_path="./pacman/pacman_ground/"/>
<load path="./pacman/shots/shot.87" permanently="true"/>
<ground run_mode="store" store_path="./pacman/pacman_ground/"/>
<load path="./pacman/shots/shot.88" permanently="true"/>
<ground run_mode="store" store_path="./pacman/pacman_ground/"/>
<load path="./pacman/shots/shot.89" permanently="true"/>
<ground run_mode="store" store_path="./pacman/pacman_ground/"/>
<load path="./pacman/shots/shot.90" permanently="true"/>
<ground run_mode="store" store_path="./pacman/pacman_ground/"/>
<load path="./pacman/shots/shot.91" permanently="true"/>
<ground run_mode="store" store_path="./pacman/pacman_ground/"/>
<load path="./pacman/shots/shot.92" permanently="true"/>
<ground run_mode="store" store_path="./pacman/pacman_ground/"/>
<load path="./pacman/shots/shot.93" permanently="true"/>
<ground run_mode="store" store_path="./pacman/pacman_ground/"/>
<load path="./pacman/shots/shot.94" permanently="true"/>
<ground run_mode="store" store_path="./pacman/pacman_ground/"/>
<load path="./pacman/shots/shot.95" permanently="true"/>
<ground run_mode="store" store_path="./pacman/pacman_ground/"/>
<load path="./pacman/shots/shot.96" permanently="true"/>
<ground run_mode="store" store_path="./pacman/pacman_ground/"/>
<load path="./pacman/shots/shot.97" permanently="true"/>
<ground run_mode="store" store_path="./pacman/pacman_ground/"/>
<load path="./pacman/shots/shot.98" permanently="true"/>
<ground run_mode="store" store_path="./pacman/pacman_ground/"/>
<load path="./pacman/shots/shot.99" permanently="true"/>
<ground run_mode="store" store_path="./pacman/pacman_ground/"/>
<load path="./pacman/shots/shot.100" permanently="true"/>
<ground run_mode="store" store_path="./pacman/pacman_ground/"/>
<load path="./pacman/shots/shot.101" permanently="true"/>
<ground run_mode="store" store_path="./pacman/pacman_ground/"/>
<load path="./pacman/shots/shot.102" permanently="true"/>
<ground run_mode="store" store_path="./pacman/pacman_ground/"/>
<load path="./pacman/shots/shot.103" permanently="true"/>
<ground run_mode="store" store_path="./pacman/pacman_ground/"/>
<load path="./pacman/shots/shot.104" permanently="true"/>
<ground run_mode="store" store_path="./pacman/pacman_ground/"/>
<load path="./pacman/shots/shot.105" permanently="true"/>
<ground run_mode="store" store_path="./pacman/pacman_ground/"/>
<load path="./pacman/shots/shot.106" permanently="true"/>
<ground run_mode="store" store_path="./pacman/pacman_ground/"/>
<load path="./pacman/shots/shot.107" permanently="true"/>
<ground run_mode="store" store_path="./pacman/pacman_ground/"/>
<load path="./pacman/shots/shot.108" permanently="true"/>
<ground run_mode="store" store_path="./pacman/pacman_ground/"/>
<load path="./pacman/shots/shot.109" permanently="true"/>
<ground run_mode="store" store_path="./pacman/pacman_ground/"/>
<load path="./pacman/shots/shot.110" permanently="true"/>
<ground run_mode="store" store_path="./pacman/pacman_ground/"/>
<load path="./pacman/shots/shot.111" permanently="true"/>
<ground run_mode="store" store_path="./pacman/pacman_ground/"/>
<load path="./pacman/shots/shot.112" permanently="true"/>
<ground run_mode="store" store_path="./pacman/pacman_ground/"/>
<load path="./pacman/shots/shot.113" permanently="true"/>
<ground run_mode="store" store_path="./pacman/pacman_ground/"/>
<load path="./pacman/shots/shot.114" permanently="true"/>
<ground run_mode="store" store_path="./pacman/pacman_ground/"/>
<load path="./pacman/shots/shot.115" permanently="true"/>
<ground run_mode="store" store_path="./pacman/pacman_ground/"/>
<load path="./pacman/shots/shot.116" permanently="true"/>
<ground run_mode="store" store_path="./pacman/pacman_ground/"/>
<load path="./pacman/shots/shot.117" permanently="true"/>
<ground run_mode="store" store_path="./pacman/pacman_ground/"/>
<load path="./pacman/shots/shot.118" permanently="true"/>
<ground run_mode="store" store_path="./pacman/pacman_ground/"/>
<load path="./pacman/shots/shot.119" permanently="true"/>
<ground run_mode="store" store_path="./pacman/pacman_ground/"/>
<load path="./pacman/shots/shot.120" permanently="true"/>
<ground run_mode="store" store_path="./pacman/pacman_ground/"/>
<load path="./pacman/shots/shot.121" permanently="true"/>
<ground run_mode="store" store_path="./pacman/pacman_ground/"/>
<load path="./pacman/shots/shot.122" permanently="true"/>
<ground run_mode="store" store_path="./pacman/pacman_ground/"/>
<load path="./pacman/shots/shot.123" permanently="true"/>
<ground run_mode="store" store_path="./pacman/pacman_ground/"/>
<load path="./pacman/shots/shot.124" permanently="true"/>
<ground run_mode="store" store_path="./pacman/pacman_ground/"/>
<load path="./pacman/shots/shot.125" permanently="true"/>
<ground run_mode="store" store_path="./pacman/pacman_ground/"/>
<load path="./pacman/shots/shot.126" permanently="true"/>
<ground run_mode="store" store_path="./pacman/pacman_ground/"/>
<load path="./pacman/shots/shot.127" permanently="true"/>
<ground run_mode="store" store_path="./pacman/pacman_ground/"/>
<load path="./pacman/shots/shot.128" permanently="true"/>
<ground run_mode="store" store_path="./pacman/pacman_ground/"/>
<load path="./pacman/shots/shot.129" permanently="true"/>
<ground run_mode="store" store_path="./pacman/pacman_ground/"/>
<load path="./pacman/shots/shot.130" permanently="true"/>
<ground run_mode="store" store_path="./pacman/pacman_ground/"/>
<load path="./pacman/shots/shot.131" permanently="true"/>
<ground run_mode="store" store_path="./pacman/pacman_ground/"/>
<load path="./pacman/shots/shot.132" permanently="true"/>
<ground run_mode="store" store_path="./pacman/pacman_ground/"/>
<load path="./pacman/shots/shot.133" permanently="true"/>
<ground run_mode="store" store_path="./pacman/pacman_ground/"/>
<load path="./pacman/shots/shot.134" permanently="true"/>
<ground run_mode="store" store_path="./pacman/pacman_ground/"/>
<load path="./pacman/shots/shot.135" permanently="true"/>
<ground run_mode="store" store_path="./pacman/pacman_ground/"/>
<load path="./pacman/shots/shot.136" permanently="true"/>
<ground run_mode="store" store_path="./pacman/pacman_ground/"/>
<load path="./pacman/shots/shot.137" permanently="true"/>
<ground run_mode="store" store_path="./pacman/pacman_ground/"/>
<load path="./pacman/shots/shot.138" permanently="true"/>
<ground run_mode="store" store_path="./pacman/pacman_ground/"/>
<load path="./pacman/shots/shot.139" permanently="true"/>
<ground run_mode="store" store_path="./pacman/pacman_ground/"/>
<load path="./pacman/shots/shot.140" permanently="true"/>
<ground run_mode="store" store_path="./pacman/pacman_ground/"/>
<load path="./pacman/shots/shot.141" permanently="true"/>
<ground run_mode="store" store_path="./pacman/pacman_ground/"/>
<load path="./pacman/shots/shot.142" permanently="true"/>
<ground run_mode="store" store_path="./pacman/pacman_ground/"/>
<load path="./pacman/shots/shot.143" permanently="true"/>
<ground run_mode="store" store_path="./pacman/pacman_ground/"/>
<load path="./pacman/shots/shot.144" permanently="true"/>
<ground run_mode="store" store_path="./pacman/pacman_ground/"/>
<load path="./pacman/shots/shot.145" permanently="true"/>
<ground run_mode="store" store_path="./pacman/pacman_ground/"/>
<load path="./pacman/shots/shot.146" permanently="true"/>
<ground run_mode="store" store_path="./pacman/pacman_ground/"/>
<load path="./pacman/shots/shot.147" permanently="true"/>
<ground run_mode="store" store_path="./pacman/pacman_ground/"/>
<load path="./pacman/shots/shot.148" permanently="true"/>
<ground run_mode="store" store_path="./pacman/pacman_ground/"/>
<load path="./pacman/shots/shot.149" permanently="true"/>
<ground run_mode="store" store_path="./pacman/pacman_ground/"/>
<load path="./pacman/shots/shot.150" permanently="true"/>
<ground run_mode="store" store_path="./pacman/pacman_ground/"/>
<load path="./pacman/shots/shot.151" permanently="true"/>
<ground run_mode="store" store_path="./pacman/pacman_ground/"/>
<load path="./pacman/shots/shot.152" permanently="true"/>
<ground run_mode="store" store_path="./pacman/pacman_ground/"/>
<load path="./pacman/shots/shot.153" permanently="true"/>
<ground run_mode="store" store_path="./pacman/pacman_ground/"/>
<load path="./pacman/shots/shot.154" permanently="true"/>
<ground run_mode="store" store_path="./pacman/pacman_ground/"/>
<load path="./pacman/shots/shot.155" permanently="true"/>
<ground run_mode="store" store_path="./pacman/pacman_ground/"/>
<load path="./pacman/shots/shot.156" permanently="true"/>
<ground run_mode="store" store_path="./pacman/pacman_ground/"/>
<load path="./pacman/shots/shot.157" permanently="true"/>
<ground run_mode="store" store_path="./pacman/pacman_ground/"/>
<load path="./pacman/shots/shot.158" permanently="true"/>
<ground run_mode="store" store_path="./pacman/pacman_ground/"/>
<load path="./pacman/shots/shot.159" permanently="true"/>
<ground run_mode="store" store_path="./pacman/pacman_ground/"/>
<load path="./pacman/shots/shot.160" permanently="true"/>
<ground run_mode="store" store_path="./pacman/pacman_ground/"/>
<load path="./pacman/shots/shot.161" permanently="true"/>
<ground run_mode="store" store_path="./pacman/pacman_ground/"/>
<load path="./pacman/shots/shot.162" permanently="true"/>
<ground run_mode="store" store_path="./pacman/pacman_ground/"/>
<load path="./pacman/shots/shot.163" permanently="true"/>
<ground run_mode="store" store_path="./pacman/pacman_ground/"/>
<load path="./pacman/shots/shot.164" permanently="true"/>
<ground run_mode="store" store_path="./pacman/pacman_ground/"/>
<load path="./pacman/shots/shot.165" permanently="true"/>
<ground run_mode="store" store_path="./pacman/pacman_ground/"/>
<load path="./pacman/shots/shot.166" permanently="true"/>
<ground run_mode="store" store_path="./pacman/pacman_ground/"/>
<load path="./pacman/shots/shot.167" permanently="true"/>
<ground run_mode="store" store_path="./pacman/pacman_ground/"/>
<load path="./pacman/shots/shot.168" permanently="true"/>
<ground run_mode="store" store_path="./pacman/pacman_ground/"/>
<load path="./pacman/shots/shot.169" permanently="true"/>
<ground run_mode="store" store_path="./pacman/pacman_ground/"/>
<load path="./pacman/shots/shot.170" permanently="true"/>
<ground run_mode="store" store_path="./pacman/pacman_ground/"/>
<load path="./pacman/shots/shot.171" permanently="true"/>
<ground run_mode="store" store_path="./pacman/pacman_ground/"/>
<load path="./pacman/shots/shot.172" permanently="true"/>
<ground run_mode="store" store_path="./pacman/pacman_ground/"/>
<load path="./pacman/shots/shot.173" permanently="true"/>
<ground run_mode="store" store_path="./pacman/pacman_ground/"/>
<load path="./pacman/shots/shot.174" permanently="true"/>
<ground run_mode="store" store_path="./pacman/pacman_ground/"/>
<load path="./pacman/shots/shot.175" permanently="true"/>
<ground run_mode="store" store_path="./pacman/pacman_ground/"/>
<load path="./pacman/shots/shot.176" permanently="true"/>
<ground run_mode="store" store_path="./pacman/pacman_ground/"/>
<load path="./pacman/shots/shot.177" permanently="true"/>
<ground run_mode="store" store_path="./pacman/pacman_ground/"/>
<load path="./pacman/shots/shot.178" permanently="true"/>
<ground run_mode="store" store_path="./pacman/pacman_ground/"/>
<load path="./pacman/shots/shot.179" permanently="true"/>
<ground run_mode="store" store_path="./pacman/pacman_ground/"/>
<load path="./pacman/shots/shot.180" permanently="true"/>
<ground run_mode="store" store_path="./pacman/pacman_ground/"/>
<load path="./pacman/shots/shot.181" permanently="true"/>
<ground run_mode="store" store_path="./pacman/pacman_ground/"/>
<load path="./pacman/shots/shot.182" permanently="true"/>
<ground run_mode="store" store_path="./pacman/pacman_ground/"/>
<load path="./pacman/shots/shot.183" permanently="true"/>
<ground run_mode="store" store_path="./pacman/pacman_ground/"/>
<load path="./pacman/shots/shot.184" permanently="true"/>
<ground run_mode="store" store_path="./pacman/pacman_ground/"/>
<load path="./pacman/shots/shot.185" permanently="true"/>
<ground run_mode="store" store_path="./pacman/pacman_ground/"/>
<load path="./pacman/shots/shot.186" permanently="true"/>
<ground run_mode="store" store_path="./pacman/pacman_ground/"/>
<load path="./pacman/shots/shot.187" permanently="true"/>
<ground run_mode="store" store_path="./pacman/pacman_ground/"/>
<load path="./pacman/shots/shot.188" permanently="true"/>
<ground run_mode="store" store_path="./pacman/pacman_ground/"/>
<load path="./pacman/shots/shot.189" permanently="true"/>
<ground run_mode="store" store_path="./pacman/pacman_ground/"/>
<load path="./pacman/shots/shot.190" permanently="true"/>
<ground run_mode="store" store_path="./pacman/pacman_ground/"/>
<load path="./pacman/shots/shot.191" permanently="true"/>
<ground run_mode="store" store_path="./pacman/pacman_ground/"/>
<load path="./pacman/shots/shot.192" permanently="true"/>
<ground run_mode="store" store_path="./pacman/pacman_ground/"/>
<load path="./pacman/shots/shot.193" permanently="true"/>
<ground run_mode="store" store_path="./pacman/pacman_ground/"/>
<load path="./pacman/shots/shot.194" permanently="true"/>
<ground run_mode="store" store_path="./pacman/pacman_ground/"/>
<load path="./pacman/shots/shot.195" permanently="true"/>
<ground run_mode="store" store_path="./pacman/pacman_ground/"/>
<load path="./pacman/shots/shot.196" permanently="true"/>
<ground run_mode="store" store_path="./pacman/pacman_ground/"/>
<load path="./pacman/shots/shot.197" permanently="true"/>
<ground run_mode="store" store_path="./pacman/pacman_ground/"/>
<load path="./pacman/shots/shot.198" permanently="true"/>
<ground run_mode="store" store_path="./pacman/pacman_ground/"/>
<load path="./pacman/shots/shot.199" permanently="true"/>
<ground run_mode="store" store_path="./pacman/pacman_ground/"/>
<load path="./pacman/shots/shot.200" permanently="true"/>
<ground run_mode="store" store_path="./pacman/pacman_ground/"/>
<load path="./pacman/shots/shot.201" permanently="true"/>
<ground run_mode="store" store_path="./pacman/pacman_ground/"/>
<load path="./pacman/shots/shot.202" permanently="true"/>
<ground run_mode="store" store_path="./pacman/pacman_ground/"/>
<load path="./pacman/shots/shot.203" permanently="true"/>
<ground run_mode="store" store_path="./pacman/pacman_ground/"/>
<load path="./pacman/shots/shot.204" permanently="true"/>
<ground run_mode="store" store_path="./pacman/pacman_ground/"/>
<load path="./pacman/shots/shot.205" permanently="true"/>
<ground run_mode="store" store_path="./pacman/pacman_ground/"/>
<load path="./pacman/shots/shot.206" permanently="true"/>
<ground run_mode="store" store_path="./pacman/pacman_ground/"/>
<load path="./pacman/shots/shot.207" permanently="true"/>
<ground run_mode="store" store_path="./pacman/pacman_ground/"/>
<load path="./pacman/shots/shot.208" permanently="true"/>
<ground run_mode="store" store_path="./pacman/pacman_ground/"/>
<load path="./pacman/shots/shot.209" permanently="true"/>
<ground run_mode="store" store_path="./pacman/pacman_ground/"/>
<load path="./pacman/shots/shot.210" permanently="true"/>
<ground run_mode="store" store_path="./pacman/pacman_ground/"/>
<load path="./pacman/shots/shot.211" permanently="true"/>
<ground run_mode="store" store_path="./pacman/pacman_ground/"/>
<load path="./pacman/shots/shot.212" permanently="true"/>
<ground run_mode="store" store_path="./pacman/pacman_ground/"/>
<load path="./pacman/shots/shot.213" permanently="true"/>
<ground run_mode="store" store_path="./pacman/pacman_ground/"/>
<load path="./pacman/shots/shot.214" permanently="true"/>
<ground run_mode="store" store_path="./pacman/pacman_ground/"/>
<load path="./pacman/shots/shot.215" permanently="true"/>
<ground run_mode="store" store_path="./pacman/pacman_ground/"/>
<load path="./pacman/shots/shot.216" permanently="true"/>
<ground run_mode="store" store_path="./pacman/pacman_ground/"/>
<load path="./pacman/shots/shot.217" permanently="true"/>
<ground run_mode="store" store_path="./pacman/pacman_ground/"/>
<load path="./pacman/shots/shot.218" permanently="true"/>
<ground run_mode="store" store_path="./pacman/pacman_ground/"/>
<load path="./pacman/shots/shot.219" permanently="true"/>
<ground run_mode="store" store_path="./pacman/pacman_ground/"/>
<load path="./pacman/shots/shot.220" permanently="true"/>
<ground run_mode="store" store_path="./pacman/pacman_ground/"/>
<load path="./pacman/shots/shot.221" permanently="true"/>
<ground run_mode="store" store_path="./pacman/pacman_ground/"/>
<load path="./pacman/shots/shot.222" permanently="true"/>
<ground run_mode="store" store_path="./pacman/pacman_ground/"/>
<load path="./pacman/shots/shot.223" permanently="true"/>
<ground run_mode="store" store_path="./pacman/pacman_ground/"/>
<load path="./pacman/shots/shot.224" permanently="true"/>
<ground run_mode="store" store_path="./pacman/pacman_ground/"/>
<load path="./pacman/shots/shot.225" permanently="true"/>
<ground run_mode="store" store_path="./pacman/pacman_ground/"/>
<load path="./pacman/shots/shot.226" permanently="true"/>
<ground run_mode="store" store_path="./pacman/pacman_ground/"/>
<load path="./pacman/shots/shot.227" permanently="true"/>
<ground run_mode="store" store_path="./pacman/pacman_ground/"/>
<load path="./pacman/shots/shot.228" permanently="true"/>
<ground run_mode="store" store_path="./pacman/pacman_ground/"/>
<load path="./pacman/shots/shot.229" permanently="true"/>
<ground run_mode="store" store_path="./pacman/pacman_ground/"/>
<load path="./pacman/shots/shot.230" permanently="true"/>
<ground run_mode="store" store_path="./pacman/pacman_ground/"/>
<load path="./pacman/shots/shot.231" permanently="true"/>
<ground run_mode="store" store_path="./pacman/pacman_ground/"/>
<load path="./pacman/shots/shot.232" permanently="true"/>
<ground run_mode="store" store_path="./pacman/pacman_ground/"/>
<load path="./pacman/shots/shot.233" permanently="true"/>
<ground run_mode="store" store_path="./pacman/pacman_ground/"/>
<load path="./pacman/shots/shot.234" permanently="true"/>
<ground run_mode="store" store_path="./pacman/pacman_ground/"/>
<load path="./pacman/shots/shot.235" permanently="true"/>
<ground run_mode="store" store_path="./pacman/pacman_ground/"/>
<load path="./pacman/shots/shot.236" permanently="true"/>
<ground run_mode="store" store_path="./pacman/pacman_ground/"/>
<load path="./pacman/shots/shot.237" permanently="true"/>
<ground run_mode="store" store_path="./pacman/pacman_ground/"/>
<load path="./pacman/shots/shot.238" permanently="true"/>
<ground run_mode="store" store_path="./pacman/pacman_ground/"/>
<load path="./pacman/shots/shot.239" permanently="true"/>
<ground run_mode="store" store_path="./pacman/pacman_ground/"/>
<load path="./pacman/shots/shot.240" permanently="true"/>
<ground run_mode="store" store_path="./pacman/pacman_ground/"/>
<load path="./pacman/shots/shot.241" permanently="true"/>
<ground run_mode="store" store_path="./pacman/pacman_ground/"/>
<load path="./pacman/shots/shot.242" permanently="true"/>
<ground run_mode="store" store_path="./pacman/pacman_ground/"/>
<load path="./pacman/shots/shot.243" permanently="true"/>
<ground run_mode="store" store_path="./pacman/pacman_ground/"/>
<load path="./pacman/shots/shot.244" permanently="true"/>
<ground run_mode="store" store_path="./pacman/pacman_ground/"/>
<load path="./pacman/shots/shot.245" permanently="true"/>
<ground run_mode="store" store_path="./pacman/pacman_ground/"/>
<load path="./pacman/shots/shot.246" permanently="true"/>
<ground run_mode="store" store_path="./pacman/pacman_ground/"/>
<load path="./pacman/shots/shot.247" permanently="true"/>
<ground run_mode="store" store_path="./pacman/pacman_ground/"/>
<load path="./pacman/shots/shot.248" permanently="true"/>
<ground run_mode="store" store_path="./pacman/pacman_ground/"/>
<load path="./pacman/shots/shot.249" permanently="true"/>
<ground run_mode="store" store_path="./pacman/pacman_ground/"/>
<load path="./pacman/shots/shot.250" permanently="true"/>
<ground run_mode="store" store_path="./pacman/pacman_ground/"/>
<load path="./pacman/shots/shot.251" permanently="true"/>
<ground run_mode="store" store_path="./pacman/pacman_ground/"/>
<load path="./pacman/shots/shot.252" permanently="true"/>
<ground run_mode="store" store_path="./pacman/pacman_ground/"/>
<load path="./pacman/shots/shot.253" permanently="true"/>
<ground run_mode="store" store_path="./pacman/pacman_ground/"/>
<load path="./pacman/shots/shot.254" permanently="true"/>
<ground run_mode="store" store_path="./pacman/pacman_ground/"/>
<load path="./pacman/shots/shot.255" permanently="true"/>
<ground run_mode="store" store_path="./pacman/pacman_ground/"/>
<load path="./pacman/shots/shot.256" permanently="true"/>
<ground run_mode="store" store_path="./pacman/pacman_ground/"/>
<load path="./pacman/shots/shot.257" permanently="true"/>
<ground run_mode="store" store_path="./pacman/pacman_ground/"/>
<load path="./pacman/shots/shot.258" permanently="true"/>
<ground run_mode="store" store_path="./pacman/pacman_ground/"/>
<load path="./pacman/shots/shot.259" permanently="true"/>
<ground run_mode="store" store_path="./pacman/pacman_ground/"/>
<load path="./pacman/shots/shot.260" permanently="true"/>
<ground run_mode="store" store_path="./pacman/pacman_ground/"/>
<load path="./pacman/shots/shot.261" permanently="true"/>
<ground run_mode="store" store_path="./pacman/pacman_ground/"/>
<load path="./pacman/shots/shot.262" permanently="true"/>
<ground run_mode="store" store_path="./pacman/pacman_ground/"/>
<load path="./pacman/shots/shot.263" permanently="true"/>
<ground run_mode="store" store_path="./pacman/pacman_ground/"/>
<load path="./pacman/shots/shot.264" permanently="true"/>
<ground run_mode="store" store_path="./pacman/pacman_ground/"/>
<load path="./pacman/shots/shot.265" permanently="true"/>
<ground run_mode="store" store_path="./pacman/pacman_ground/"/>
<load path="./pacman/shots/shot.266" permanently="true"/>
<ground run_mode="store" store_path="./pacman/pacman_ground/"/>
<load path="./pacman/shots/shot.267" permanently="true"/>
<ground run_mode="store" store_path="./pacman/pacman_ground/"/>
<load path="./pacman/shots/shot.268" permanently="true"/>
<ground run_mode="store" store_path="./pacman/pacman_ground/"/>
<load path="./pacman/shots/shot.269" permanently="true"/>
<ground run_mode="store" store_path="./pacman/pacman_ground/"/>
<load path="./pacman/shots/shot.270" permanently="true"/>
<ground run_mode="store" store_path="./pacman/pacman_ground/"/>
<load path="./pacman/shots/shot.271" permanently="true"/>
<ground run_mode="store" store_path="./pacman/pacman_ground/"/>
<load path="./pacman/shots/shot.272" permanently="true"/>
<ground run_mode="store" store_path="./pacman/pacman_ground/"/>
<load path="./pacman/shots/shot.273" permanently="true"/>
<ground run_mode="store" store_path="./pacman/pacman_ground/"/>
<load path="./pacman/shots/shot.274" permanently="true"/>
<ground run_mode="store" store_path="./pacman/pacman_ground/"/>
<load path="./pacman/shots/shot.275" permanently="true"/>
<ground run_mode="store" store_path="./pacman/pacman_ground/"/>
<load path="./pacman/shots/shot.276" permanently="true"/>
<ground run_mode="store" store_path="./pacman/pacman_ground/"/>
<load path="./pacman/shots/shot.277" permanently="true"/>
<ground run_mode="store" store_path="./pacman/pacman_ground/"/>
<load path="./pacman/shots/shot.278" permanently="true"/>
<ground run_mode="store" store_path="./pacman/pacman_ground/"/>
<load path="./pacman/shots/shot.279" permanently="true"/>
<ground run_mode="store" store_path="./pacman/pacman_ground/"/>
<load path="./pacman/shots/shot.280" permanently="true"/>
<ground run_mode="store" store_path="./pacman/pacman_ground/"/>
<load path="./pacman/shots/shot.281" permanently="true"/>
<ground run_mode="store" store_path="./pacman/pacman_ground/"/>
<load path="./pacman/shots/shot.282" permanently="true"/>
<ground run_mode="store" store_path="./pacman/pacman_ground/"/>
<load path="./pacman/shots/shot.283" permanently="true"/>
<ground run_mode="store" store_path="./pacman/pacman_ground/"/>
<load path="./pacman/shots/shot.284" permanently="true"/>
<ground run_mode="store" store_path="./pacman/pacman_ground/"/>
<load path="./pacman/shots/shot.285" permanently="true"/>
<ground run_mode="store" store_path="./pacman/pacman_ground/"/>
<load path="./pacman/shots/shot.286" permanently="true"/>
<ground run_mode="store" store_path="./pacman/pacman_ground/"/>
<load path="./pacman/shots/shot.287" permanently="true"/>
<ground run_mode="store" store_path="./pacman/pacman_ground/"/>
<load path="./pacman/shots/shot.288" permanently="true"/>
<ground run_mode="store" store_path="./pacman/pacman_ground/"/>
<load path="./pacman/shots/shot.289" permanently="true"/>
<ground run_mode="store" store_path="./pacman/pacman_ground/"/>
<load path="./pacman/shots/shot.290" permanently="true"/>
<ground run_mode="store" store_path="./pacman/pacman_ground/"/>
<load path="./pacman/shots/shot.291" permanently="true"/>
<ground run_mode="store" store_path="./pacman/pacman_ground/"/>
<load path="./pacman/shots/shot.292" permanently="true"/>
<ground run_mode="store" store_path="./pacman/pacman_ground/"/>
<load path="./pacman/shots/shot.293" permanently="true"/>
<ground run_mode="store" store_path="./pacman/pacman_ground/"/>
<load path="./pacman/shots/shot.294" permanently="true"/>
<ground run_mode="store" store_path="./pacman/pacman_ground/"/>
<load path="./pacman/shots/shot.295" permanently="true"/>
<ground run_mode="store" store_path="./pacman/pacman_ground/"/>
<load path="./pacman/shots/shot.296" permanently="true"/>
<ground run_mode="store" store_path="./pacman/pacman_ground/"/>
<load path="./pacman/shots/shot.297" permanently="true"/>
<ground run_mode="store" store_path="./pacman/pacman_ground/"/>
<load path="./pacman/shots/shot.298" permanently="true"/>
<ground run_mode="store" store_path="./pacman/pacman_ground/"/>
<load path="./pacman/shots/shot.299" permanently="true"/>
<ground run_mode="store" store_path="./pacman/pacman_ground/"/>
<load path="./pacman/shots/shot.300" permanently="true"/>
<ground run_mode="store" store_path="./pacman/pacman_ground/"/>
<load path="./pacman/shots/shot.301" permanently="true"/>
<ground run_mode="store" store_path="./pacman/pacman_ground/"/>
<load path="./pacman/shots/shot.302" permanently="true"/>
<ground run_mode="store" store_path="./pacman/pacman_ground/"/>
<load path="./pacman/shots/shot.303" permanently="true"/>
<ground run_mode="store" store_path="./pacman/pacman_ground/"/>
<load path="./pacman/shots/shot.304" permanently="true"/>
<ground run_mode="store" store_path="./pacman/pacman_ground/"/>
<load path="./pacman/shots/shot.305" permanently="true"/>
<ground run_mode="store" store_path="./pacman/pacman_ground/"/>
<load path="./pacman/shots/shot.306" permanently="true"/>
<ground run_mode="store" store_path="./pacman/pacman_ground/"/>
<load path="./pacman/shots/shot.307" permanently="true"/>
<ground run_mode="store" store_path="./pacman/pacman_ground/"/>
<load path="./pacman/shots/shot.308" permanently="true"/>
<ground run_mode="store" store_path="./pacman/pacman_ground/"/>
<load path="./pacman/shots/shot.309" permanently="true"/>
<ground run_mode="store" store_path="./pacman/pacman_ground/"/>
<load path="./pacman/shots/shot.310" permanently="true"/>
<ground run_mode="store" store_path="./pacman/pacman_ground/"/>
<load path="./pacman/shots/shot.311" permanently="true"/>
<ground run_mode="store" store_path="./pacman/pacman_ground/"/>
<load path="./pacman/shots/shot.312" permanently="true"/>
<ground run_mode="store" store_path="./pacman/pacman_ground/"/>
<load path="./pacman/shots/shot.313" permanently="true"/>
<ground run_mode="store" store_path="./pacman/pacman_ground/"/>
<load path="./pacman/shots/shot.314" permanently="true"/>
<ground run_mode="store" store_path="./pacman/pacman_ground/"/>
<load path="./pacman/shots/shot.315" permanently="true"/>
<ground run_mode="store" store_path="./pacman/pacman_ground/"/>
<load path="./pacman/shots/shot.316" permanently="true"/>
<ground run_mode="store" store_path="./pacman/pacman_ground/"/>
<load path="./pacman/shots/shot.317" permanently="true"/>
<ground run_mode="store" store_path="./pacman/pacman_ground/"/>
<load path="./pacman/shots/shot.318" permanently="true"/>
<ground run_mode="store" store_path="./pacman/pacman_ground/"/>
<load path="./pacman/shots/shot.319" permanently="true"/>
<ground run_mode="store" store_path="./pacman/pacman_ground/"/>
<load path="./pacman/shots/shot.320" permanently="true"/>
<ground run_mode="store" store_path="./pacman/pacman_ground/"/>
<load path="./pacman/shots/shot.321" permanently="true"/>
<ground run_mode="store" store_path="./pacman/pacman_ground/"/>
<load path="./pacman/shots/shot.322" permanently="true"/>
<ground run_mode="store" store_path="./pacman/pacman_ground/"/>
<load path="./pacman/shots/shot.323" permanently="true"/>
<ground run_mode="store" store_path="./pacman/pacman_ground/"/>
<load path="./pacman/shots/shot.324" permanently="true"/>
<ground run_mode="store" store_path="./pacman/pacman_ground/"/>
<load path="./pacman/shots/shot.325" permanently="true"/>
<ground run_mode="store" store_path="./pacman/pacman_ground/"/>
<load path="./pacman/shots/shot.326" permanently="true"/>
<ground run_mode="store" store_path="./pacman/pacman_ground/"/>
<load path="./pacman/shots/shot.327" permanently="true"/>
<ground run_mode="store" store_path="./pacman/pacman_ground/"/>
<load path="./pacman/shots/shot.328" permanently="true"/>
<ground run_mode="store" store_path="./pacman/pacman_ground/"/>
<load path="./pacman/shots/shot.329" permanently="true"/>
<ground run_mode="store" store_path="./pacman/pacman_ground/"/>
<load path="./pacman/shots/shot.330" permanently="true"/>
<ground run_mode="store" store_path="./pacman/pacman_ground/"/>
<load path="./pacman/shots/shot.331" permanently="true"/>
<ground run_mode="store" store_path="./pacman/pacman_ground/"/>
<load path="./pacman/shots/shot.332" permanently="true"/>
<ground run_mode="store" store_path="./pacman/pacman_ground/"/>
<load path="./pacman/shots/shot.333" permanently="true"/>
<ground run_mode="store" store_path="./pacman/pacman_ground/"/>
<load path="./pacman/shots/shot.334" permanently="true"/>
<ground run_mode="store" store_path="./pacman/pacman_ground/"/>
<load path="./pacman/shots/shot.335" permanently="true"/>
<ground run_mode="store" store_path="./pacman/pacman_ground/"/>
<load path="./pacman/shots/shot.336" permanently="true"/>
<ground run_mode="store" store_path="./pacman/pacman_ground/"/>
<load path="./pacman/shots/shot.337" permanently="true"/>
<ground run_mode="store" store_path="./pacman/pacman_ground/"/>
<load path="./pacman/shots/shot.338" permanently="true"/>
<ground run_mode="store" store_path="./pacman/pacman_ground/"/>
<load path="./pacman/shots/shot.339" permanently="true"/>
<ground run_mode="store" store_path="./pacman/pacman_ground/"/>
<load path="./pacman/shots/shot.340" permanently="true"/>
<ground run_mode="store" store_path="./pacman/pacman_ground/"/>
<load path="./pacman/shots/shot.341" permanently="true"/>
<ground run_mode="store" store_path="./pacman/pacman_ground/"/>
<load path="./pacman/shots/shot.342" permanently="true"/>
<ground run_mode="store" store_path="./pacman/pacman_ground/"/>
<load path="./pacman/shots/shot.343" permanently="true"/>
<ground run_mode="store" store_path="./pacman/pacman_ground/"/>
<load path="./pacman/shots/shot.344" permanently="true"/>
<ground run_mode="store" store_path="./pacman/pacman_ground/"/>
<load path="./pacman/shots/shot.345" permanently="true"/>
<ground run_mode="store" store_path="./pacman/pacman_ground/"/>
<load path="./pacman/shots/shot.346" permanently="true"/>
<ground run_mode="store" store_path="./pacman/pacman_ground/"/>
<load path="./pacman/shots/shot.347" permanently="true"/>
<ground run_mode="store" store_path="./pacman/pacman_ground/"/>
<load path="./pacman/shots/shot.348" permanently="true"/>
<ground run_mode="store" store_path="./pacman/pacman_ground/"/>
<load path="./pacman/shots/shot.349" permanently="true"/>
<ground run_mode="store" store_path="./pacman/pacman_ground/"/>
<load path="./pacman/shots/shot.350" permanently="true"/>
<ground run_mode="store" store_path="./pacman/pacman_ground/"/>
<load path="./pacman/shots/shot.351" permanently="true"/>
<ground run_mode="store" store_path="./pacman/pacman_ground/"/>
<load path="./pacman/shots/shot.352" permanently="true"/>
<ground run_mode="store" store_path="./pacman/pacman_ground/"/>
<load path="./pacman/shots/shot.353" permanently="true"/>
<ground run_mode="store" store_path="./pacman/pacman_ground/"/>
<load path="./pacman/shots/shot.354" permanently="true"/>
<ground run_mode="store" store_path="./pacman/pacman_ground/"/>
<load path="./pacman/shots/shot.355" permanently="true"/>
<ground run_mode="store" store_path="./pacman/pacman_ground/"/>
<load path="./pacman/shots/shot.356" permanently="true"/>
<ground run_mode="store" store_path="./pacman/pacman_ground/"/>
<load path="./pacman/shots/shot.357" permanently="true"/>
<ground run_mode="store" store_path="./pacman/pacman_ground/"/>
<load path="./pacman/shots/shot.358" permanently="true"/>
<ground run_mode="store" store_path="./pacman/pacman_ground/"/>
<load path="./pacman/shots/shot.359" permanently="true"/>
<ground run_mode="store" store_path="./pacman/pacman_ground/"/>
<load path="./pacman/shots/shot.360" permanently="true"/>
<ground run_mode="store" store_path="./pacman/pacman_ground/"/>
<load path="./pacman/shots/shot.361" permanently="true"/>
<ground run_mode="store" store_path="./pacman/pacman_ground/"/>
<load path="./pacman/shots/shot.362" permanently="true"/>
<ground run_mode="store" store_path="./pacman/pacman_ground/"/>
<load path="./pacman/shots/shot.363" permanently="true"/>
<ground run_mode="store" store_path="./pacman/pacman_ground/"/>
<load path="./pacman/shots/shot.364" permanently="true"/>
<ground run_mode="store" store_path="./pacman/pacman_ground/"/>
<load path="./pacman/shots/shot.365" permanently="true"/>
<ground run_mode="store" store_path="./pacman/pacman_ground/"/>
<load path="./pacman/shots/shot.366" permanently="true"/>
<ground run_mode="store" store_path="./pacman/pacman_ground/"/>
<load path="./pacman/shots/shot.367" permanently="true"/>
<ground run_mode="store" store_path="./pacman/pacman_ground/"/>
<load path="./pacman/shots/shot.368" permanently="true"/>
<ground run_mode="store" store_path="./pacman/pacman_ground/"/>
<load path="./pacman/shots/shot.369" permanently="true"/>
<ground run_mode="store" store_path="./pacman/pacman_ground/"/>
<load path="./pacman/shots/shot.370" permanently="true"/>
<ground run_mode="store" store_path="./pacman/pacman_ground/"/>
<load path="./pacman/shots/shot.371" permanently="true"/>
<ground run_mode="store" store_path="./pacman/pacman_ground/"/>
<load path="./pacman/shots/shot.372" permanently="true"/>
<ground run_mode="store" store_path="./pacman/pacman_ground/"/>
<load path="./pacman/shots/shot.373" permanently="true"/>
<ground run_mode="store" store_path="./pacman/pacman_ground/"/>
<load path="./pacman/shots/shot.374" permanently="true"/>
<ground run_mode="store" store_path="./pacman/pacman_ground/"/>
<load path="./pacman/shots/shot.375" permanently="true"/>
<ground run_mode="store" store_path="./pacman/pacman_ground/"/>
<load path="./pacman/shots/shot.376" permanently="true"/>
<ground run_mode="store" store_path="./pacman/pacman_ground/"/>
<load path="./pacman/shots/shot.377" permanently="true"/>
<ground run_mode="store" store_path="./pacman/pacman_ground/"/>
<load path="./pacman/shots/shot.378" permanently="true"/>
<ground run_mode="store" store_path="./pacman/pacman_ground/"/>
<load path="./pacman/shots/shot.379" permanently="true"/>
<ground run_mode="store" store_path="./pacman/pacman_ground/"/>
<load path="./pacman/shots/shot.380" permanently="true"/>
<ground run_mode="store" store_path="./pacman/pacman_ground/"/>
<load path="./pacman/shots/shot.381" permanently="true"/>
<ground run_mode="store" store_path="./pacman/pacman_ground/"/>
<load path="./pacman/shots/shot.382" permanently="true"/>
<ground run_mode="store" store_path="./pacman/pacman_ground/"/>
<load path="./pacman/shots/shot.383" permanently="true"/>
<ground run_mode="store" store_path="./pacman/pacman_ground/"/>
<load path="./pacman/shots/shot.384" permanently="true"/>
<ground run_mode="store" store_path="./pacman/pacman_ground/"/>
<load path="./pacman/shots/shot.385" permanently="true"/>
<ground run_mode="store" store_path="./pacman/pacman_ground/"/>
<load path="./pacman/shots/shot.386" permanently="true"/>
<ground run_mode="store" store_path="./pacman/pacman_ground/"/>
<load path="./pacman/shots/shot.387" permanently="true"/>
<ground run_mode="store" store_path="./pacman/pacman_ground/"/>
<load path="./pacman/shots/shot.388" permanently="true"/>
<ground run_mode="store" store_path="./pacman/pacman_ground/"/>
<load path="./pacman/shots/shot.389" permanently="true"/>
<ground run_mode="store" store_path="./pacman/pacman_ground/"/>
<load path="./pacman/shots/shot.390" permanently="true"/>
<ground run_mode="store" store_path="./pacman/pacman_ground/"/>
<load path="./pacman/shots/shot.391" permanently="true"/>
<ground run_mode="store" store_path="./pacman/pacman_ground/"/>
<load path="./pacman/shots/shot.392" permanently="true"/>
<ground run_mode="store" store_path="./pacman/pacman_ground/"/>
<load path="./pacman/shots/shot.393" permanently="true"/>
<ground run_mode="store" store_path="./pacman/pacman_ground/"/>
<load path="./pacman/shots/shot.394" permanently="true"/>
<ground run_mode="store" store_path="./pacman/pacman_ground/"/>
<load path="./pacman/shots/shot.395" permanently="true"/>
<ground run_mode="store" store_path="./pacman/pacman_ground/"/>
<load path="./pacman/shots/shot.396" permanently="true"/>
<ground run_mode="store" store_path="./pacman/pacman_ground/"/>
<load path="./pacman/shots/shot.397" permanently="true"/>
<ground run_mode="store" store_path="./pacman/pacman_ground/"/>
<load path="./pacman/shots/shot.398" permanently="true"/>
<ground run_mode="store" store_path="./pacman/pacman_ground/"/>
<load path="./pacman/shots/shot.399" permanently="true"/>
<ground run_mode="store" store_path="./pacman/pacman_ground/"/>
<load path="./pacman/shots/shot.400" permanently="true"/>
<ground run_mode="store" store_path="./pacman/pacman_ground/"/>
<load path="./pacman/shots/shot.401" permanently="true"/>
<ground run_mode="store" store_path="./pacman/pacman_ground/"/>
<load path="./pacman/shots/shot.402" permanently="true"/>
<ground run_mode="store" store_path="./pacman/pacman_ground/"/>
<load path="./pacman/shots/shot.403" permanently="true"/>
<ground run_mode="store" store_path="./pacman/pacman_ground/"/>
<load path="./pacman/shots/shot.404" permanently="true"/>
<ground run_mode="store" store_path="./pacman/pacman_ground/"/>
<load path="./pacman/shots/shot.405" permanently="true"/>
<ground run_mode="store" store_path="./pacman/pacman_ground/"/>
<load path="./pacman/shots/shot.406" permanently="true"/>
<ground run_mode="store" store_path="./pacman/pacman_ground/"/>
<load path="./pacman/shots/shot.407" permanently="true"/>
<ground run_mode="store" store_path="./pacman/pacman_ground/"/>
<load path="./pacman/shots/shot.408" permanently="true"/>
<ground run_mode="store" store_path="./pacman/pacman_ground/"/>
<load path="./pacman/shots/shot.409" permanently="true"/>
<ground run_mode="store" store_path="./pacman/pacman_ground/"/>
<load path="./pacman/shots/shot.410" permanently="true"/>
<ground run_mode="store" store_path="./pacman/pacman_ground/"/>
<load path="./pacman/shots/shot.411" permanently="true"/>
<ground run_mode="store" store_path="./pacman/pacman_ground/"/>
<load path="./pacman/shots/shot.412" permanently="true"/>
<ground run_mode="store" store_path="./pacman/pacman_ground/"/>
<load path="./pacman/shots/shot.413" permanently="true"/>
<ground run_mode="store" store_path="./pacman/pacman_ground/"/>
<load path="./pacman/shots/shot.414" permanently="true"/>
<ground run_mode="store" store_path="./pacman/pacman_ground/"/>
<load path="./pacman/shots/shot.415" permanently="true"/>
<ground run_mode="store" store_path="./pacman/pacman_ground/"/>
<load path="./pacman/shots/shot.416" permanently="true"/>
<ground run_mode="store" store_path="./pacman/pacman_ground/"/>
<load path="./pacman/shots/shot.417" permanently="true"/>
<ground run_mode="store" store_path="./pacman/pacman_ground/"/>
<load path="./pacman/shots/shot.418" permanently="true"/>
<ground run_mode="store" store_path="./pacman/pacman_ground/"/>
<load path="./pacman/shots/shot.419" permanently="true"/>
<ground run_mode="store" store_path="./pacman/pacman_ground/"/>
<load path="./pacman/shots/shot.420" permanently="true"/>
<ground run_mode="store" store_path="./pacman/pacman_ground/"/>
<load path="./pacman/shots/shot.421" permanently="true"/>
<ground run_mode="store" store_path="./pacman/pacman_ground/"/>
<load path="./pacman/shots/shot.422" permanently="true"/>
<ground run_mode="store" store_path="./pacman/pacman_ground/"/>
<load path="./pacman/shots/shot.423" permanently="true"/>
<ground run_mode="store" store_path="./pacman/pacman_ground/"/>
<load path="./pacman/shots/shot.424" permanently="true"/>
<ground run_mode="store" store_path="./pacman/pacman_ground/"/>
<load path="./pacman/shots/shot.425" permanently="true"/>
<ground run_mode="store" store_path="./pacman/pacman_ground/"/>
<load path="./pacman/shots/shot.426" permanently="true"/>
<ground run_mode="store" store_path="./pacman/pacman_ground/"/>
<load path="./pacman/shots/shot.427" permanently="true"/>
<ground run_mode="store" store_path="./pacman/pacman_ground/"/>
<load path="./pacman/shots/shot.428" permanently="true"/>
<ground run_mode="store" store_path="./pacman/pacman_ground/"/>
<load path="./pacman/shots/shot.429" permanently="true"/>
<ground run_mode="store" store_path="./pacman/pacman_ground/"/>
<load path="./pacman/shots/shot.430" permanently="true"/>
<ground run_mode="store" store_path="./pacman/pacman_ground/"/>
<load path="./pacman/shots/shot.431" permanently="true"/>
<ground run_mode="store" store_path="./pacman/pacman_ground/"/>
<load path="./pacman/shots/shot.432" permanently="true"/>
<ground run_mode="store" store_path="./pacman/pacman_ground/"/>
<load path="./pacman/shots/shot.433" permanently="true"/>
<ground run_mode="store" store_path="./pacman/pacman_ground/"/>
<load path="./pacman/shots/shot.434" permanently="true"/>
<ground run_mode="store" store_path="./pacman/pacman_ground/"/>
<load path="./pacman/shots/shot.435" permanently="true"/>
<ground run_mode="store" store_path="./pacman/pacman_ground/"/>
<load path="./pacman/shots/shot.436" permanently="true"/>
<ground run_mode="store" store_path="./pacman/pacman_ground/"/>
<load path="./pacman/shots/shot.437" permanently="true"/>
<ground run_mode="store" store_path="./pacman/pacman_ground/"/>
<load path="./pacman/shots/shot.438" permanently="true"/>
<ground run_mode="store" store_path="./pacman/pacman_ground/"/>
<load path="./pacman/shots/shot.439" permanently="true"/>
<ground run_mode="store" store_path="./pacman/pacman_ground/"/>
<load path="./pacman/shots/shot.440" permanently="true"/>
<ground run_mode="store" store_path="./pacman/pacman_ground/"/>
<load path="./pacman/shots/shot.441" permanently="true"/>
<ground run_mode="store" store_path="./pacman/pacman_ground/"/>
<load path="./pacman/shots/shot.442" permanently="true"/>
<ground run_mode="store" store_path="./pacman/pacman_ground/"/>
<load path="./pacman/shots/shot.443" permanently="true"/>
<ground run_mode="store" store_path="./pacman/pacman_ground/"/>
<load path="./pacman/shots/shot.444" permanently="true"/>
<ground run_mode="store" store_path="./pacman/pacman_ground/"/>
<load path="./pacman/shots/shot.445" permanently="true"/>
<ground run_mode="store" store_path="./pacman/pacman_ground/"/>
<load path="./pacman/shots/shot.446" permanently="true"/>
<ground run_mode="store" store_path="./pacman/pacman_ground/"/>
<load path="./pacman/shots/shot.447" permanently="true"/>
<ground run_mode="store" store_path="./pacman/pacman_ground/"/>
<load path="./pacman/shots/shot.448" permanently="true"/>
<ground run_mode="store" store_path="./pacman/pacman_ground/"/>
<load path="./pacman/shots/shot.449" permanently="true"/>
<ground run_mode="store" store_path="./pacman/pacman_ground/"/>
<load path="./pacman/shots/shot.450" permanently="true"/>
<ground run_mode="store" store_path="./pacman/pacman_ground/"/>
<load path="./pacman/shots/shot.451" permanently="true"/>
<ground run_mode="store" store_path="./pacman/pacman_ground/"/>
<load path="./pacman/shots/shot.452" permanently="true"/>
<ground run_mode="store" store_path="./pacman/pacman_ground/"/>
<load path="./pacman/shots/shot.453" permanently="true"/>
<ground run_mode="store" store_path="./pacman/pacman_ground/"/>
<load path="./pacman/shots/shot.454" permanently="true"/>
<ground run_mode="store" store_path="./pacman/pacman_ground/"/>
<load path="./pacman/shots/shot.455" permanently="true"/>
<ground run_mode="store" store_path="./pacman/pacman_ground/"/>
<load path="./pacman/shots/shot.456" permanently="true"/>
<ground run_mode="store" store_path="./pacman/pacman_ground/"/>
<load path="./pacman/shots/shot.457" permanently="true"/>
<ground run_mode="store" store_path="./pacman/pacman_ground/"/>
<load path="./pacman/shots/shot.458" permanently="true"/>
<ground run_mode="store" store_path="./pacman/pacman_ground/"/>
<reset/>
<exit/>
